primer_name,orientation,sequence,S1_R1,S1_R2,S10_R1,S10_R2,S100_R1,S100_R2,S101_R1,S101_R2,S102_R1,S102_R2,S103_R1,S103_R2,S104_R1,S104_R2,S105_R1,S105_R2,S106_R1,S106_R2,S107_R1,S107_R2,S108_R1,S108_R2,S109_R1,S109_R2,S11_R1,S11_R2,S110_R1,S110_R2,S111_R1,S111_R2,S112_R1,S112_R2,S113_R1,S113_R2,S114_R1,S114_R2,S115_R1,S115_R2,S116_R1,S116_R2,S117_R1,S117_R2,S118_R1,S118_R2,S119_R1,S119_R2,S12_R1,S12_R2,S120_R1,S120_R2,S121_R1,S121_R2,S122_R1,S122_R2,S123_R1,S123_R2,S124_R1,S124_R2,S125_R1,S125_R2,S126_R1,S126_R2,S127_R1,S127_R2,S128_R1,S128_R2,S129_R1,S129_R2,S13_R1,S13_R2,S130_R1,S130_R2,S131_R1,S131_R2,S132_R1,S132_R2,S133_R1,S133_R2,S134_R1,S134_R2,S135_R1,S135_R2,S136_R1,S136_R2,S137_R1,S137_R2,S138_R1,S138_R2,S139_R1,S139_R2,S14_R1,S14_R2,S140_R1,S140_R2,S141_R1,S141_R2,S142_R1,S142_R2,S143_R1,S143_R2,S144_R1,S144_R2,S145_R1,S145_R2,S146_R1,S146_R2,S147_R1,S147_R2,S148_R1,S148_R2,S149_R1,S149_R2,S15_R1,S15_R2,S150_R1,S150_R2,S151_R1,S151_R2,S152_R1,S152_R2,S153_R1,S153_R2,S154_R1,S154_R2,S156_R1,S156_R2,S157_R1,S157_R2,S158_R1,S158_R2,S159_R1,S159_R2,S16_R1,S16_R2,S160_R1,S160_R2,S161_R1,S161_R2,S162_R1,S162_R2,S163_R1,S163_R2,S164_R1,S164_R2,S165_R1,S165_R2,S166_R1,S166_R2,S167_R1,S167_R2,S168_R1,S168_R2,S169_R1,S169_R2,S17_R1,S17_R2,S18_R1,S18_R2,S2_R1,S2_R2,S20_R1,S20_R2,S21_R1,S21_R2,S22_R1,S22_R2,S23_R1,S23_R2,S24_R1,S24_R2,S25_R1,S25_R2,S26_R1,S26_R2,S27_R1,S27_R2,S28_R1,S28_R2,S29_R1,S29_R2,S3_R1,S3_R2,S31_R1,S31_R2,S32_R1,S32_R2,S33_R1,S33_R2,S34_R1,S34_R2,S35_R1,S35_R2,S36_R1,S36_R2,S37_R1,S37_R2,S38_R1,S38_R2,S39_R1,S39_R2,S4_R1,S4_R2,S40_R1,S40_R2,S41_R1,S41_R2,S42_R1,S42_R2,S43_R1,S43_R2,S45_R1,S45_R2,S46_R1,S46_R2,S47_R1,S47_R2,S48_R1,S48_R2,S49_R1,S49_R2,S5_R1,S5_R2,S50_R1,S50_R2,S51_R1,S51_R2,S52_R1,S52_R2,S53_R1,S53_R2,S54_R1,S54_R2,S55_R1,S55_R2,S56_R1,S56_R2,S57_R1,S57_R2,S58_R1,S58_R2,S59_R1,S59_R2,S6_R1,S6_R2,S60_R1,S60_R2,S61_R1,S61_R2,S62_R1,S62_R2,S63_R1,S63_R2,S64_R1,S64_R2,S65_R1,S65_R2,S66_R1,S66_R2,S68_R1,S68_R2,S69_R1,S69_R2,S7_R1,S7_R2,S70_R1,S70_R2,S72_R1,S72_R2,S73_R1,S73_R2,S74_R1,S74_R2,S76_R1,S76_R2,S77_R1,S77_R2,S78_R1,S78_R2,S79_R1,S79_R2,S8_R1,S8_R2,S80_R1,S80_R2,S81_R1,S81_R2,S82_R1,S82_R2,S83_R1,S83_R2,S84_R1,S84_R2,S85_R1,S85_R2,S86_R1,S86_R2,S87_R1,S87_R2,S88_R1,S88_R2,S89_R1,S89_R2,S9_R1,S9_R2,S90_R1,S90_R2,S91_R1,S91_R2,S92_R1,S92_R2,S93_R1,S93_R2,S94_R1,S94_R2,S95_R1,S95_R2,S96_R1,S96_R2,S97_R1,S97_R2,S98_R1,S98_R2,S99_R1,S99_R2,SDNA_C1_R1,SDNA_C1_R2,SDNA_C2_R1,SDNA_C2_R2,SDNA_C3_R1,SDNA_C3_R2,SDNA_C4_R1,SDNA_C4_R2,SMC1_R1,SMC1_R2,SMC2_R1,SMC2_R2,SMC3_R1,SMC3_R2,SMC4_R1,SMC4_R2,SPCR_C1_R1,SPCR_C1_R2,SPCR_C2_R1,SPCR_C2_R2,SPCR_C3_R1,SPCR_C3_R2,SPCR_C4_R1,SPCR_C4_R2
its,forward,CTTGGTCATTTAGAGGAAGTAA,48291,1,25715,0,18521,3,31519,2,31705,1,30094,1,16774,0,18649,0,23127,1,40318,2,38768,6,34472,1,35177,0,60680,1,50843,0,11547,0,18236,0,46033,0,34937,0,10582,0,13797,1,10052,0,18303,1,20799,1,23831,1,19130,0,73546,1,31870,2,31014,1,95123,4,56537,0,35172,0,13775,0,58127,4,39214,1,22267,1,39535,3,33133,2,18853,4,25673,0,80843,4,6576,0,32648,4,55435,2,57417,8,25833,3,55683,0,35810,2,43001,3,20814,0,76189,4,50384,1,20615,1,47111,0,55244,0,71589,0,15548,1,16965,0,8688,0,17621,1,39853,1,55055,2,32931,0,52310,1,28295,1,41955,1,33775,1,30516,0,45410,0,27150,1,22393,1,13587,0,74424,8,57721,1,9200,0,31929,0,43198,4,38759,1,56198,0,33485,0,29811,1,82223,3,74910,2,27015,0,63816,3,34629,1,118522,9,94449,1,92290,2,63390,3,33660,1,44143,3,58451,1,89581,1,85620,2,19943,1,56740,0,43004,0,35141,0,36670,0,22307,0,45393,0,81273,0,25763,0,107670,5,7002,1,130870,0,22877,1,16454,0,42961,0,41234,0,44983,1,43654,0,38586,2,62642,4,44115,1,37902,0,29052,1,35244,1,61836,1,104930,1,41367,1,57487,1,29679,0,40518,5,27388,0,33671,0,14422,0,40211,0,93501,3,82912,0,41097,0,66229,1,74397,3,47869,3,20840,0,38010,0,105935,0,78788,2,35259,0,11902,0,32063,0,47541,2,111450,6,81777,0,13240,0,82139,6,40436,1,45613,1,16039,1,50825,3,20820,0,33587,2,43635,2,86677,4,33004,2,50848,2,51645,3,31456,3,20723,1,34594,0,28199,0,108,0,134,0,225,0,210,0,8766,1,8851,1,36905,3,35143,2,244,0,207,0,238,0,104,0
rps10,forward,GTTGGTTAGAGYARAAGACT,35634,0,26646,0,50806,0,40476,0,87805,0,68985,0,55426,2,54865,0,58362,0,207374,3,60454,0,132697,1,8702,0,125140,1,160919,1,124043,1,58081,1,46347,0,48663,0,119003,0,119540,0,52076,0,73358,0,59246,3,20002,0,153194,2,73069,0,153916,3,183522,1,95649,0,199076,0,86740,0,60125,2,137743,0,22940,0,159199,1,109540,0,89880,0,132818,1,113082,2,37134,0,29649,0,109737,2,120308,0,193275,2,67924,0,65380,3,97337,1,53248,0,41060,0,67581,2,48553,0,179168,1,52124,2,92367,2,56538,0,38904,0,147038,1,87376,0,206700,1,143099,0,163482,2,148561,2,79166,0,84855,0,69342,0,36613,0,66061,0,57133,0,83499,0,71958,0,73878,1,33874,0,51663,0,54380,0,90282,1,256346,6,42354,0,58769,0,34601,1,29547,0,3727,0,38230,0,50869,0,20523,0,34693,0,383,0,41846,0,20296,0,55519,1,55835,0,35551,1,7032,0,5004,0,5633,0,71704,0,34016,0,57248,0,41568,0,71757,0,51124,0,46795,1,41593,0,98245,0,26134,0,72951,0,6307,0,77765,3,73100,0,92599,0,37523,0,58206,0,38576,1,90434,0,28697,0,34492,0,59635,0,73393,0,58457,1,39038,0,1649,0,43601,0,10243,0,10069,0,87040,0,86196,0,50193,0,70447,2,68126,0,5873,0,2505,0,58675,0,39783,0,71562,0,24237,0,77576,0,64197,0,10919,0,30339,0,81648,0,109113,0,69590,1,44006,0,17621,0,28200,0,44188,0,103452,0,179989,0,81825,0,165608,2,105182,1,19265,0,110291,2,59243,0,77756,1,177454,3,61334,0,154821,1,133501,2,116955,2,78227,1,35367,0,125,0,215,0,541,0,420,0,110759,0,107321,0,200727,5,181286,0,172,0,110,0,1247,0,338,0
its,f_compt,GAACCAGTAAATCTCCTTCATT,0,0,0,0,0,0,0,0,0,0,0,0,0,0,0,0,0,0,0,0,0,0,0,0,0,0,0,0,0,0,0,0,0,0,0,0,0,0,0,0,0,0,0,0,0,0,0,0,0,0,0,0,0,0,0,0,0,0,0,0,0,0,0,0,0,0,0,0,0,0,0,0,0,0,0,0,0,0,0,0,0,0,0,0,0,0,0,0,0,0,0,0,0,0,0,0,0,0,0,0,0,0,0,0,0,0,0,0,0,0,0,0,0,0,0,0,0,0,0,0,0,0,0,0,0,0,0,0,0,0,0,0,0,0,0,0,0,0,0,0,0,0,0,0,0,0,0,0,0,0,0,0,0,0,0,0,0,0,0,0,0,0,0,0,0,0,0,0,0,0,0,0,0,0,0,0,0,0,0,0,0,0,0,0,0,0,0,0,0,0,0,0,0,0,0,0,0,0,0,0,0,0,0,0,0,0,0,0,0,0,0,0,0,0,0,0,0,0,0,0,0,0,0,0,0,0,0,0,0,0,0,0,0,0,0,0,0,0,0,0,0,0,0,0,0,0,0,0,0,0,0,0,0,0,0,0,0,0,0,0,0,0,0,0,0,0,0,0,0,0,0,0,0,0,0,0,0,0,0,0,0,0,0,0,0,0,0,0,0,0,0,0,0,0,0,0,0,0,0,0,0,0,0,0,0,0,0,0,0,0,0,0,0,0,0,0,0,0,0,0,0,0,0,0,0,0,0,0,0,0,0,0,0,0,0,0,0,0,0,0,0,0,0,0,0,0,0,0
rps10,f_compt,CAACCAATCTCRTYTTCTGA,0,0,0,0,0,0,0,0,0,0,0,0,0,0,0,0,0,0,0,0,0,0,0,0,0,0,0,0,0,0,0,0,0,0,0,0,0,0,0,0,0,0,0,0,0,0,0,0,0,0,0,0,0,0,0,0,0,0,0,0,0,0,0,0,0,0,0,0,0,0,0,0,0,0,0,0,0,0,0,0,0,0,0,0,0,0,0,0,0,0,0,0,0,0,0,0,0,0,0,0,0,0,0,0,0,0,0,0,0,0,0,0,0,0,0,0,0,0,0,0,0,0,0,0,0,0,0,0,0,0,0,0,0,0,0,0,0,0,0,0,0,0,0,0,0,0,0,0,0,0,0,0,0,0,0,0,0,0,0,0,0,0,0,0,0,0,0,0,0,0,0,0,0,0,0,0,0,0,0,0,0,0,0,0,0,0,0,0,0,0,0,0,0,0,0,0,0,0,0,0,0,0,0,0,0,0,0,0,0,0,0,0,0,0,0,0,0,0,0,0,0,0,0,0,0,0,0,0,0,0,0,0,0,0,0,0,0,0,0,0,0,0,0,0,0,0,0,0,0,0,0,0,0,0,0,0,0,0,0,0,0,0,0,0,0,0,0,0,0,0,0,0,0,0,0,0,0,0,0,0,0,0,0,0,0,0,0,0,0,0,0,0,0,0,0,0,0,0,0,0,0,0,0,0,0,0,0,0,0,0,0,0,0,0,0,0,0,0,0,0,0,0,0,0,0,0,0,0,0,0,0,0,0,0,0,0,0,0,0,0,0,0,0,0,0,0,0,0
its,f_rev,AATGAAGGAGATTTACTGGTTC,0,0,0,0,0,0,0,0,0,0,0,0,0,0,0,0,0,0,0,0,0,0,0,0,0,0,0,0,0,0,0,0,0,0,0,0,0,0,0,0,0,0,0,0,0,0,0,0,0,0,0,0,0,0,0,0,0,0,0,0,0,0,0,0,0,0,0,0,0,0,0,0,0,0,0,0,0,0,0,0,0,0,0,0,0,0,0,0,0,0,0,0,0,0,0,0,0,0,0,0,0,0,0,0,0,0,0,0,0,0,0,0,0,0,0,0,0,0,0,0,0,0,0,0,0,0,0,0,0,0,0,0,0,0,0,0,0,0,0,0,0,0,0,0,0,0,0,0,0,0,0,0,0,0,0,0,0,0,0,0,0,0,0,0,0,0,0,0,0,0,0,0,0,0,0,0,0,0,0,0,0,0,0,0,0,0,0,0,0,0,0,0,0,0,0,0,0,0,0,0,0,0,0,0,0,0,0,0,0,0,0,0,0,0,0,0,0,0,0,0,0,0,0,0,0,0,0,0,0,0,0,0,0,0,0,0,0,0,0,0,0,0,0,0,0,0,0,0,0,0,0,0,0,0,0,0,0,0,0,0,0,0,0,0,0,0,0,0,0,0,0,0,0,0,0,0,0,0,0,0,0,0,0,0,0,0,0,0,0,0,0,0,0,0,0,0,0,0,0,0,0,0,0,0,0,0,0,0,0,0,0,0,0,0,0,0,0,0,0,0,0,0,0,0,0,0,0,0,0,0,0,0,0,0,0,0,0,0,0,0,0,0,0,0,0,0,0,0
rps10,f_rev,TCAGAARAYGAGATTGGTTG,0,0,0,0,0,0,0,0,0,0,0,0,0,0,0,0,0,0,0,0,0,0,0,0,0,0,0,0,0,0,0,0,0,0,0,0,0,0,0,0,0,0,0,0,0,0,0,0,0,0,0,0,0,0,0,0,0,0,0,0,0,0,0,0,0,0,0,0,0,0,0,0,0,0,0,0,0,0,0,0,0,0,0,0,0,0,0,0,0,0,0,0,0,0,0,0,0,0,0,0,0,0,0,0,0,0,0,0,0,0,0,0,0,0,0,0,0,0,0,0,0,0,0,0,0,0,0,0,0,0,0,0,0,0,0,0,0,0,0,0,0,0,0,0,0,0,0,0,0,0,0,0,0,0,0,0,0,0,0,0,0,0,0,0,0,0,0,0,0,0,0,0,0,0,0,0,0,0,0,0,0,0,0,0,0,0,0,0,0,0,0,0,0,0,0,0,0,0,0,0,0,0,0,0,0,0,0,0,0,0,0,0,0,0,0,0,0,0,0,0,0,0,0,0,0,0,0,0,0,0,0,0,0,0,0,0,0,0,0,0,0,0,0,0,0,0,0,0,0,0,0,0,0,0,0,0,0,0,0,0,0,0,0,0,0,0,0,0,0,0,0,0,0,0,0,0,0,0,0,0,0,0,0,0,0,0,0,0,0,0,0,0,0,0,0,0,0,0,0,0,0,0,0,0,0,0,0,0,0,0,0,0,0,0,0,0,0,0,0,0,0,0,0,0,0,0,0,0,0,0,0,0,0,0,0,0,0,0,0,0,0,0,0,0,0,0,0,0
its,f_rc,TTACTTCCTCTAAATGACCAAG,0,2290,0,2850,1,2852,1,4656,0,7185,0,7188,0,4482,0,4323,0,3787,0,2174,1,6314,0,2871,0,6316,0,7424,0,9337,0,1963,1,2360,0,5964,0,6628,0,1376,0,3035,0,917,0,1797,0,1668,0,4031,0,2429,0,7448,0,3743,1,2042,1,8163,0,6005,0,2974,0,1169,2,8519,1,5883,1,4871,1,7410,1,4175,1,4408,0,2676,2,5286,0,325,1,2665,0,7522,1,8088,0,1625,0,11355,0,1984,0,7283,0,4655,1,19708,0,3889,0,5966,0,4817,0,9551,0,26115,0,1569,0,3916,0,1241,0,3988,0,4960,1,6339,0,12481,1,23273,0,7227,0,8724,0,3896,0,4134,0,8823,0,5786,1,3559,0,3590,0,6956,0,4966,0,2479,0,4961,1,7513,1,7476,0,9097,0,5316,0,2647,1,12274,1,3281,0,1215,3,4155,0,4541,8,50792,0,40014,1,40139,0,19229,1,4801,0,4343,1,7890,0,17626,2,16791,0,5620,0,4051,0,3298,0,9406,0,1582,0,3785,0,8380,0,8561,0,4382,1,7698,0,1088,0,17486,0,2514,0,2358,0,8695,0,6005,0,3582,0,3381,0,4826,2,12037,1,11753,0,5419,1,3679,0,5585,1,9828,0,5165,0,5890,0,2808,0,2288,1,7149,0,8524,0,3588,0,2437,0,7682,0,9064,0,9396,0,5461,0,14628,2,36096,0,7835,0,3746,0,8983,0,27770,0,4716,0,11162,0,3286,0,7515,1,18337,3,35647,0,16998,0,679,2,18594,1,5693,0,7026,1,5467,0,7607,0,3564,1,5182,1,3945,1,6409,0,5641,1,5670,0,4584,1,3853,1,2269,0,3171,0,8923,0,2,0,1,0,17,0,7,1,3509,0,3701,2,16753,2,15996,0,8,0,8,0,2,0,2
rps10,f_rc,AGTCTTYTRCTCTAACCAAC,0,8,0,7,0,12,0,9,0,61,0,72,0,16,0,23,0,29,0,96,0,35,0,80,0,7,0,44,0,34,0,57,0,47,0,7,0,8,0,155,0,41,0,27,0,31,0,17,0,2,0,76,0,34,0,227,0,334,0,16,0,193,0,45,0,13,0,112,0,6,0,104,0,97,0,56,0,57,0,30,0,10,0,12,0,193,0,164,0,179,0,9,0,18,0,72,0,17,0,10,0,24,0,10,0,58,0,16,0,58,0,48,0,3,0,103,0,68,0,220,0,135,0,45,0,37,0,16,0,28,0,36,0,2,0,36,0,12,0,29,0,21,0,37,0,12,0,8,0,24,0,37,0,258,0,18,0,18,0,9,0,4,0,3,0,3,0,5,0,45,0,15,0,0,0,4,0,8,0,6,0,82,0,8,0,6,0,14,0,5,0,78,0,4,0,10,0,2,0,10,0,16,0,10,0,39,0,78,0,13,0,55,0,1,0,87,0,17,0,29,0,16,0,8,0,12,0,49,0,24,0,32,0,8,0,60,0,20,0,14,0,2,0,21,0,2,0,7,0,22,0,19,0,23,0,60,0,13,0,4,0,13,0,19,0,15,0,27,0,13,0,62,0,24,0,15,0,8,0,46,0,44,0,18,0,4,0,8,0,32,0,13,0,21,0,121,0,60,0,81,0,17,0,2,0,87,0,9,0,59,0,87,0,16,0,123,0,83,0,52,0,37,0,18,0,25,0,1,0,27,0,1,0,105,0,71,1,104,0,90,0,12,0,1,0,7,0,1
its,reverse,GCTGCGTTCTTCATCGATGC,1,47471,0,25256,3,18025,3,30066,1,30970,2,29424,0,16206,0,18191,1,22593,2,38435,7,37321,1,33368,0,34969,2,58102,0,48796,0,10930,2,17396,0,44492,0,33707,0,9994,1,13327,0,9263,1,16819,1,20408,2,22596,0,17988,1,68801,4,29913,1,28043,5,89733,0,53489,0,32204,0,12908,3,57835,1,39282,1,21860,3,39200,2,32718,4,18778,0,25082,5,79207,0,6086,4,32320,2,54556,9,57193,3,25233,0,55583,2,34944,3,42328,0,20097,4,74912,1,49023,0,20223,0,46147,0,54977,2,71450,1,15313,0,16663,0,8441,1,17466,1,38654,2,53760,0,32484,1,52772,1,27654,1,40914,1,33000,0,29624,0,44242,1,26769,1,21730,0,13727,8,72582,1,56174,0,8941,0,31585,3,41868,1,37572,0,54948,0,33214,1,28894,3,79468,2,73360,0,26521,0,62412,2,33752,9,117621,2,93201,2,91619,3,62243,1,33354,2,43245,0,57965,1,89465,2,85521,1,19949,0,56113,0,42251,0,35001,0,35356,0,21794,0,44679,0,79020,0,25003,5,103933,1,6722,0,125806,1,22348,0,16201,0,42708,0,40958,1,44749,0,43628,2,38366,4,61482,1,43354,0,36680,1,28266,1,33937,2,59945,1,103116,1,40772,1,55672,0,28188,5,39372,0,26957,0,32617,0,13886,0,39297,3,92246,0,80986,0,40492,0,65001,3,73336,5,46671,0,20474,0,37237,0,104141,2,77339,1,34954,0,11652,0,31403,2,46820,6,110143,0,79068,0,12847,5,80069,1,39849,2,44516,1,15632,4,49722,0,20680,2,33058,2,42794,4,83899,2,32131,2,48462,3,49654,3,30005,1,19442,0,33399,0,28059,0,59,0,80,0,103,0,125,1,7391,0,7401,3,32974,1,31369,0,174,0,126,0,113,0,52
rps10,reverse,ATRYYTAGAAAGAYTYGAACT,0,35033,0,26416,0,49671,0,39447,0,85947,0,67216,2,54247,0,53772,0,56687,4,199294,0,58513,1,129101,0,8565,1,121359,1,153974,1,120434,1,56337,0,44980,0,47383,0,115707,0,116440,1,50114,0,71397,3,58321,0,19255,2,142601,0,69703,3,146368,1,174749,0,90442,0,187805,0,81723,2,56575,0,136089,0,22459,1,156436,0,107617,0,88439,1,130699,3,109216,0,36429,0,29541,2,108528,0,118901,2,190343,0,66701,2,64635,1,95831,0,52328,0,40415,2,66201,0,47455,1,173983,2,50833,2,90239,0,54974,0,37951,1,143447,0,85584,1,204923,0,141462,2,160576,2,146311,0,78256,0,83804,0,68609,0,36020,0,64275,0,55234,0,80864,0,70137,1,71935,0,32761,0,49945,0,52916,1,88659,6,249596,0,41681,0,57615,1,34233,0,28839,0,3646,0,37477,0,49924,0,19937,0,34363,0,363,0,40860,0,19887,1,54433,0,55030,1,35010,0,6940,0,4901,0,5524,0,70586,0,33570,0,56218,0,40898,0,69916,0,50449,1,45375,0,40409,0,95363,0,25370,0,70022,0,6090,3,76672,0,71841,0,92032,0,37160,0,57489,1,38010,0,89435,0,28246,0,33576,0,58344,0,71513,1,56604,0,37901,0,1581,0,42866,0,9920,0,9731,0,85867,0,85000,0,49384,2,69158,0,67065,0,5743,0,2417,0,57808,0,39175,0,70382,0,23835,0,76407,0,63152,0,10630,0,29714,0,80402,0,106895,1,68197,0,43194,0,17299,0,27738,0,43027,0,101685,2,178234,0,80854,2,162666,1,103725,0,18844,2,108587,0,57464,1,75359,3,170697,0,59640,0,150831,2,128920,2,111486,1,75793,0,34673,3,112,0,198,2,483,0,405,1,109816,0,106121,5,197317,0,178783,0,162,0,101,0,1147,0,296
its,r_compt,CGACGCAAGAAGTAGCTACG,0,0,0,0,0,0,0,0,0,0,0,0,0,0,0,0,0,0,0,0,0,0,0,0,0,0,0,0,0,0,0,0,0,0,0,0,0,0,0,0,0,0,0,0,0,0,0,0,0,0,0,0,0,0,0,0,0,0,0,0,0,0,0,0,0,0,0,0,0,0,0,0,0,0,0,0,0,0,0,0,0,0,0,0,0,0,0,0,0,0,0,0,0,0,0,0,0,0,0,0,0,0,0,0,0,0,0,0,0,0,0,0,0,0,0,0,0,0,0,0,0,0,0,0,0,0,0,0,0,0,0,0,0,0,0,0,0,0,0,0,0,0,0,0,0,0,0,0,0,0,0,0,0,0,0,0,0,0,0,0,0,0,0,0,0,0,0,0,0,0,0,0,0,0,0,0,0,0,0,0,0,0,0,0,0,0,0,0,0,0,0,0,0,0,0,0,0,0,0,0,0,0,0,0,0,0,0,0,0,0,0,0,0,0,0,0,0,0,0,0,0,0,0,0,0,0,0,0,0,0,0,0,0,0,0,0,0,0,0,0,0,0,0,0,0,0,0,0,0,0,0,0,0,0,0,0,0,0,0,0,0,0,0,0,0,0,0,0,0,0,0,0,0,0,0,0,0,0,0,0,0,0,0,0,0,0,0,0,0,0,0,0,0,0,0,0,0,0,0,0,0,0,0,0,0,0,0,0,0,0,0,0,0,0,0,0,0,0,0,0,0,0,0,0,0,0,0,0,0,0,0,0,0,0,0,0,0,0,0,0,0,0,0,0,0,0,0,0
rps10,r_compt,TAYRRATCTTTCTRARCTTGA,0,0,0,0,0,0,0,0,0,0,0,0,0,0,0,0,0,0,0,0,0,0,0,0,0,0,0,0,0,0,0,0,0,0,0,0,0,0,0,0,0,0,0,0,0,0,0,0,0,0,0,0,0,0,0,0,0,0,0,0,0,0,0,0,0,0,0,0,0,0,0,0,0,0,0,0,0,0,0,0,0,0,0,0,0,0,0,0,0,0,0,0,0,0,0,0,0,0,0,0,0,0,0,0,0,0,0,0,0,0,0,0,0,0,0,0,0,0,0,0,0,0,0,0,0,0,0,0,0,0,0,0,0,0,0,0,0,0,0,0,0,0,0,0,0,0,0,0,0,0,0,0,0,0,0,0,0,0,0,0,0,0,0,0,0,0,0,0,0,0,0,0,0,0,0,0,0,0,0,0,0,0,0,0,0,0,0,0,0,0,0,0,0,0,0,0,0,0,0,0,0,0,0,0,0,0,0,0,0,0,0,0,0,0,0,0,0,0,0,0,0,0,0,0,0,0,0,0,0,0,0,0,0,0,0,0,0,0,0,0,0,0,0,0,0,0,0,0,0,0,0,0,0,0,0,0,0,0,0,0,0,0,0,0,0,0,0,0,0,0,0,0,0,0,0,0,0,0,0,0,0,0,0,0,0,0,0,0,0,0,0,0,0,0,0,0,0,0,0,0,0,0,0,0,0,0,0,0,0,0,0,0,0,0,0,0,0,0,0,0,0,0,0,0,0,0,0,0,0,0,0,0,0,0,0,0,0,0,0,0,0,0,0,0,0,0,0,0
its,r_rev,CGTAGCTACTTCTTGCGTCG,0,0,0,0,0,0,0,0,0,0,0,0,0,0,0,0,0,0,0,0,0,0,0,0,0,0,0,0,0,0,0,0,0,0,0,0,0,0,0,0,0,0,0,0,0,0,0,0,0,0,0,0,0,0,0,0,0,0,0,0,0,0,0,0,0,0,0,0,0,0,0,0,0,0,0,0,0,0,0,0,0,0,0,0,0,0,0,0,0,0,0,0,0,0,0,0,0,0,0,0,0,0,0,0,0,0,0,0,0,0,0,0,0,0,0,0,0,0,0,0,0,0,0,0,0,0,0,0,0,0,0,0,0,0,0,0,0,0,0,0,0,0,0,0,0,0,0,0,0,0,0,0,0,0,0,0,0,0,0,0,0,0,0,0,0,0,0,0,0,0,0,0,0,0,0,0,0,0,0,0,0,0,0,0,0,0,0,0,0,0,0,0,0,0,0,0,0,0,0,0,0,0,0,0,0,0,0,0,0,0,0,0,0,0,0,0,0,0,0,0,0,0,0,0,0,0,0,0,0,0,0,0,0,0,0,0,0,0,0,0,0,0,0,0,0,0,0,0,0,0,0,0,0,0,0,0,0,0,0,0,0,0,0,0,0,0,0,0,0,0,0,0,0,0,0,0,0,0,0,0,0,0,0,0,0,0,0,0,0,0,0,0,0,0,0,0,0,0,0,0,0,0,0,0,0,0,0,0,0,0,0,0,0,0,0,0,0,0,0,0,0,0,0,0,0,0,0,0,0,0,0,0,0,0,0,0,0,0,0,0,0,0,0,0,0,0,0,0
rps10,r_rev,TCAAGYTYAGAAAGATYYRTA,0,0,0,0,0,0,0,0,0,0,0,0,0,0,0,0,0,0,0,0,0,0,0,0,0,0,0,0,0,0,0,0,0,0,0,0,0,0,0,0,0,0,0,0,0,0,0,0,0,0,0,0,0,0,0,0,0,0,0,0,0,0,0,0,0,0,0,0,0,0,0,0,0,0,0,0,0,0,0,0,0,0,0,0,0,0,0,0,0,0,0,0,0,0,0,0,0,0,0,0,0,0,0,0,0,0,0,0,0,0,0,0,0,0,0,0,0,0,0,0,0,0,0,0,0,0,0,0,0,0,0,0,0,0,0,0,0,0,0,0,0,0,0,0,0,0,0,0,0,0,0,0,0,0,0,0,0,0,0,0,0,0,0,0,0,0,0,0,0,0,0,0,0,0,0,0,0,0,0,0,0,0,0,0,0,0,0,0,0,0,0,0,0,0,0,0,0,0,0,0,0,0,0,0,0,0,0,0,0,0,0,0,0,0,0,0,0,0,0,0,0,0,0,0,0,0,0,0,0,0,0,0,0,0,0,0,0,0,0,0,0,0,0,0,0,0,0,0,0,0,0,0,0,0,0,0,0,0,0,0,0,0,0,0,0,0,0,0,0,0,0,0,0,0,0,0,0,0,0,0,0,0,0,0,0,0,0,0,0,0,0,0,0,0,0,0,0,0,0,0,0,0,0,0,0,0,0,0,0,0,0,0,0,0,0,0,0,0,0,0,0,0,0,0,0,0,0,0,0,0,0,0,0,0,0,0,0,0,0,0,0,0,0,0,0,0,0,0
its,r_rc,GCATCGATGAAGAACGCAGC,3225,0,3954,0,4494,1,6619,1,9211,0,10853,0,6654,0,5683,0,6077,0,3908,0,9964,1,4939,0,8489,0,11798,0,14510,0,3139,0,4190,0,9240,0,10302,0,2225,0,4903,0,1561,0,2861,0,2271,0,7433,1,4571,0,15270,0,7148,0,4014,1,15355,1,12521,0,6906,0,2786,0,10714,1,8172,0,6683,1,9361,0,5741,1,5742,0,4509,0,7124,1,834,0,3640,0,10400,0,10023,1,2493,0,14674,0,3028,0,8961,1,6299,0,26045,0,5833,0,8786,0,6784,0,13625,0,36292,0,2285,0,5855,0,1877,0,5382,1,6640,0,8787,1,15588,0,28936,1,10192,0,12518,0,5824,0,6501,0,13288,0,8482,0,5716,0,5479,0,11176,0,8042,0,3545,0,6804,0,10609,1,11586,0,14685,0,6732,0,4031,0,18926,1,5364,0,1711,0,5835,0,6530,0,76261,3,56518,0,56079,0,27682,0,6477,1,6258,0,10315,0,21825,0,23444,2,7353,0,5412,0,4495,0,13740,0,2447,0,5074,0,13874,0,13711,0,7694,0,12359,0,1872,0,29279,0,3226,0,3159,0,12003,0,8003,0,4793,0,5053,0,6100,0,16026,1,17449,0,8451,0,5696,0,8356,0,15191,0,7712,0,8135,0,4462,0,3643,0,10245,1,11357,0,5103,0,3593,0,10669,0,13460,0,14652,0,7866,0,19249,0,43901,1,11438,0,5154,0,13200,0,40797,0,6761,0,16649,1,4613,0,10762,0,27829,1,51299,2,25194,0,1031,0,26327,2,7680,0,9333,0,7118,1,10366,0,5060,0,7274,1,6498,0,10173,0,8927,0,9408,1,8235,0,6661,1,3689,1,5625,0,11756,0,14,0,16,0,38,0,24,0,5120,1,5390,0,23771,3,22088,0,30,0,40,0,31,0,18,0
rps10,r_rc,AGTTCRARTCTTTCTARRYAT,4,0,1,0,5,0,6,0,25,0,72,0,6,0,6,0,24,0,26,0,19,0,13,0,2,0,15,0,22,0,22,0,25,0,5,0,3,0,48,0,17,0,20,0,18,0,8,0,3,0,23,0,16,0,156,0,155,0,7,0,63,0,44,0,7,0,35,0,3,0,32,0,35,0,13,0,34,0,14,0,5,0,9,0,82,0,85,0,45,0,2,0,13,0,33,0,5,0,4,0,12,0,9,0,17,0,13,0,57,0,48,0,2,0,60,0,30,0,88,0,43,0,29,0,11,0,4,0,5,0,37,0,0,0,30,0,7,0,19,0,12,0,13,0,9,0,10,0,14,0,14,0,54,0,9,0,10,0,4,0,2,0,3,0,2,0,1,0,44,0,2,0,0,0,3,0,6,0,3,0,47,0,2,0,8,0,16,0,4,0,47,0,3,0,3,0,2,0,6,0,4,0,6,0,50,0,44,0,10,0,18,0,1,0,51,0,2,0,19,0,6,0,0,0,4,0,16,0,24,0,32,0,9,0,39,0,11,0,11,0,2,0,19,0,1,0,6,0,8,0,1,0,26,0,30,0,4,0,2,0,12,0,8,0,9,0,20,0,10,0,28,0,11,0,17,0,6,0,15,0,13,0,16,0,3,0,6,0,17,0,5,0,8,0,63,0,49,0,20,0,17,0,1,0,33,0,5,0,43,0,39,0,8,0,45,0,38,0,11,0,16,0,7,0,35,3,1,0,40,4,3,0,73,0,60,0,78,0,71,0,15,0,1,0,9,0,1,0
